UserName,Email,Age,Country,Join_date
frosander0,jcarmel0@phpbb.com,46,Colombia,2023-01-07
fpaull1,knaile1@time.com,15,China,2025-08-21
pscotchbourouge2,tyegorshin2@cpanel.net,37,Ukraine,2018-03-13
ballawy3,rdurak3@paginegialle.it,17,Tanzania,2014-08-06
vadamski4,aespinoy4@mapquest.com,50,Indonesia,2023-04-19
vtinan5,hschutter5@google.com.au,15,Indonesia,2022-12-26
szanitti6,bporrett6@deliciousdays.com,18,China,2026-02-26
cshilvock7,hbenadette7@barnesandnoble.com,42,Chile,2015-01-24
olawrenz8,jbiddleston8@dailymotion.com,56,Uganda,2014-08-01
rnoore9,lbodle9@vinaora.com,16,China,2021-07-15
wupcrafta,ltowea@vkontakte.ru,39,Chad,2025-01-02
ejamisonb,aloinsb@theguardian.com,62,Russia,2017-05-12
troseburghc,cbaiteyc@myspace.com,62,Uganda,2014-11-16
mfalckd,laddekind@intel.com,19,Poland,2025-08-13
anilande,vchesleye@livejournal.com,52,Philippines,2020-12-31
stippettsf,csmithsonf@nature.com,49,Honduras,2024-02-01
nhebdeng,kfinnerang@dyndns.org,30,South Africa,2014-08-24
stocquevilleh,kjaqueth@stanford.edu,61,Serbia,2019-01-30
hsabatii,adundridgei@moonfruit.com,39,Poland,2017-05-27
ccharlestonj,gwealthallj@usatoday.com,63,China,2022-11-07
mnottramk,dleideckerk@spotify.com,36,China,2021-10-01
fbondesenl,sroathl@wiley.com,20,China,2019-03-03
tcrampseym,eharmstonm@ca.gov,32,Peru,2022-02-01
ehousegon,aasprayn@w3.org,18,Mexico,2018-05-29
efriedenbacho,cfellenoro@spiegel.de,46,Albania,2019-04-02
mholahp,hcasementp@discuz.net,40,Pakistan,2025-11-03
ebeckwithq,egekeq@huffingtonpost.com,53,China,2014-02-08
bpollastrinor,kskipseyr@globo.com,51,Brazil,2015-01-21
tdanshins,tfrangellos@themeforest.net,58,Indonesia,2017-07-21
yeastabrookt,jmickelwrightt@sina.com.cn,68,South Africa,2022-05-03
ckelneru,cmolineuxu@rediff.com,28,Poland,2019-05-07
mchuneyv,cargontv@dmoz.org,31,Cape Verde,2021-12-07
bdemetzw,jtroodw@macromedia.com,42,Morocco,2017-10-09
mstrodderx,hyarnallx@indiegogo.com,68,Indonesia,2020-10-25
wpollardy,eommundseny@theguardian.com,30,United States,2014-11-02
gnurcombez,sbegwellz@reverbnation.com,27,Czech Republic,2025-08-07
tsteels10,hmccooke10@webnode.com,49,Philippines,2016-10-01
jbeney11,ckirsopp11@rambler.ru,31,China,2021-07-12
rdoody12,hcrevagh12@apache.org,66,Bulgaria,2025-08-16
nbroadbridge13,mtomkies13@booking.com,43,Saudi Arabia,2017-10-08
bdunridge14,ubolsteridge14@printfriendly.com,67,Philippines,2014-05-17
tpetruskevich15,wsteed15@nih.gov,18,China,2019-07-24
apolhill16,kbattram16@google.ru,67,Ukraine,2017-10-05
rtenby17,ddavidescu17@walmart.com,65,United Kingdom,2019-10-17
aforsyde18,fmargrem18@csmonitor.com,34,Lebanon,2021-07-30
mhercock19,kfairtlough19@vimeo.com,66,Mexico,2020-07-11
praun1a,oandreu1a@networkadvertising.org,66,Syria,2025-12-20
dfigg1b,fvahl1b@fotki.com,24,China,2023-04-02
pbrummitt1c,dscorthorne1c@eventbrite.com,38,Poland,2016-05-06
llorentz1d,blemmen1d@businessinsider.com,40,Poland,2026-03-30
bmaestro1e,thews1e@hud.gov,36,China,2022-02-03
gsimakov1f,coake1f@discuz.net,69,Portugal,2017-05-23
abamlett1g,tagate1g@usda.gov,59,Poland,2015-04-03
bdeakins1h,deckery1h@shop-pro.jp,24,Russia,2019-01-26
lmothersole1i,jwedon1i@nsw.gov.au,23,Brazil,2024-12-16
kleteve1j,oorodane1j@ucla.edu,40,France,2019-10-13
pslimming1k,aludovici1k@hhs.gov,56,Russia,2020-09-02
pduff1l,gmeriguet1l@symantec.com,24,Indonesia,2018-09-01
bfoulks1m,bbrisco1m@blogs.com,69,Argentina,2020-11-21
lsket1n,honion1n@dion.ne.jp,17,Bahamas,2025-10-05
bsnoddin1o,mbray1o@bloglovin.com,43,Mozambique,2021-02-18
cscottini1p,ukenworth1p@go.com,17,Portugal,2016-10-04
cbwy1q,lelcombe1q@ask.com,48,Russia,2022-06-21
dstelle1r,hguilloton1r@opensource.org,55,Honduras,2022-03-10
bsexten1s,zcato1s@hatena.ne.jp,47,Philippines,2019-05-10
fcolicot1t,ngeddis1t@miitbeian.gov.cn,17,Indonesia,2021-09-21
smccoughan1u,sbatthew1u@dailymail.co.uk,33,Tunisia,2019-11-05
mwhisker1v,mduchateau1v@ning.com,31,Ecuador,2018-11-12
wsoldner1w,lkeppe1w@loc.gov,64,Indonesia,2018-03-09
dskentelbury1x,bkinglesyd1x@webs.com,32,Russia,2016-02-10
rrenfield1y,kcomport1y@seesaa.net,47,Czech Republic,2015-12-17
vstledger1z,wkardos1z@admin.ch,62,France,2020-05-26
ubleby20,apippard20@hp.com,32,Macedonia,2025-07-24
ewickerson21,rhuckin21@joomla.org,62,Czech Republic,2018-05-15
kstanners22,utingey22@merriam-webster.com,67,China,2019-08-23
wcoleiro23,mkingsly23@sourceforge.net,23,Portugal,2016-09-08
sdodds24,nhayley24@forbes.com,53,China,2019-07-26
bthoresby25,afowlestone25@storify.com,15,Brazil,2018-05-01
ofaulkner26,mmcbrearty26@chron.com,16,Peru,2021-03-06
apetett27,kbarnwille27@gnu.org,42,Philippines,2014-04-27
rquadrio28,pfigura28@thetimes.co.uk,55,Morocco,2022-12-22
bbartolommeo29,rlochran29@weebly.com,29,Indonesia,2017-06-11
mboston2a,dsooper2a@bigcartel.com,32,Spain,2023-07-06
msmewing2b,wmoynham2b@netlog.com,43,Spain,2016-02-25
fhelwig2c,mcrayton2c@walmart.com,40,Indonesia,2025-07-20
mhowick2d,eciraldo2d@ed.gov,29,China,2016-10-08
rjohananoff2e,scrosseland2e@newyorker.com,21,Indonesia,2024-07-26
vconen2f,mcaws2f@artisteer.com,50,China,2020-08-28
tcorriea2g,rbarthod2g@vk.com,18,Portugal,2015-03-30
mklemmt2h,mgalia2h@yellowbook.com,49,Indonesia,2023-03-25
bbenitti2i,tiles2i@opera.com,63,Indonesia,2018-03-07
gsalan2j,hbohlje2j@blogspot.com,18,Azerbaijan,2019-10-31
bhue2k,echishull2k@example.com,60,Bangladesh,2014-02-03
mhulse2l,vhenric2l@omniture.com,35,Poland,2023-04-25
gwattam2m,sprisk2m@deliciousdays.com,36,Ukraine,2021-05-17
brubie2n,lfairbeard2n@webmd.com,41,China,2025-09-02
enorthridge2o,dquilliam2o@drupal.org,62,United States,2026-02-17
bgaunt2p,jarger2p@nifty.com,51,Cameroon,2020-11-11
cnaldrett2q,ebedham2q@accuweather.com,27,Indonesia,2016-10-05
abroadbridge2r,cfranzman2r@ocn.ne.jp,26,Ukraine,2017-07-23
cshea2s,cschwandt2s@wikia.com,34,Nigeria,2016-01-15
lmincher2t,gmcgeady2t@sun.com,61,Indonesia,2022-01-12
bcyster2u,gfernao2u@google.com,54,China,2022-12-06
bfisbburne2v,rrandals2v@princeton.edu,17,France,2024-02-23
jlathleiffure2w,cfinder2w@canalblog.com,34,China,2016-03-23
hsitford2x,dcaple2x@de.vu,16,Kazakhstan,2019-11-19
tallenby2y,tpiddington2y@so-net.ne.jp,38,Brazil,2023-08-27
hodowd2z,nseedull2z@amazonaws.com,46,China,2025-02-14
bbogace30,rbelli30@fc2.com,44,Indonesia,2019-08-25
arodson31,hparkins31@blog.com,23,Costa Rica,2015-09-07
cmaccole32,iansill32@umn.edu,30,Russia,2015-03-27
gpfeffle33,vbaudin33@whitehouse.gov,57,Kazakhstan,2014-03-04
sbasnall34,grapi34@qq.com,68,Cuba,2025-12-01
gbartocci35,kwoodroof35@sphinn.com,25,Nicaragua,2017-05-20
jadriaens36,mricardin36@epa.gov,55,Tunisia,2020-04-17
mslessar37,etoffalo37@disqus.com,56,Philippines,2019-11-16
ltatem38,cscanlin38@sun.com,42,Japan,2020-07-22
alowerson39,mperl39@paypal.com,15,Russia,2020-03-19
npledge3a,achildes3a@addtoany.com,31,Peru,2017-10-11
nparadise3b,tsappson3b@sun.com,39,Hungary,2021-07-28
arapley3c,gclemensen3c@earthlink.net,50,Ukraine,2023-11-29
kweddell3d,wtempleman3d@so-net.ne.jp,26,Honduras,2021-01-19
wmaciaszczyk3e,agarnsworthy3e@yale.edu,32,Thailand,2023-04-30
treeme3f,gjoskowitz3f@elpais.com,46,Russia,2023-05-08
jcove3g,drafter3g@youtube.com,19,China,2018-02-04
gheinritz3h,nstedmond3h@geocities.jp,57,China,2025-06-10
ghiggonet3i,lkimber3i@indiatimes.com,19,Czech Republic,2024-01-23
bdeane3j,astower3j@merriam-webster.com,26,China,2025-11-08
zdrohun3k,mduffree3k@quantcast.com,64,Philippines,2017-05-18
rzmitrichenko3l,kbraidon3l@mashable.com,49,Indonesia,2019-12-06
mwathall3m,nhusk3m@twitter.com,66,Czech Republic,2022-07-17
gmcglue3n,aasty3n@illinois.edu,32,United States,2020-06-12
epalffy3o,cramshaw3o@tiny.cc,58,Czech Republic,2024-06-26
azoephel3p,erawcliff3p@tumblr.com,19,Indonesia,2022-05-24
inellen3q,nposkitt3q@ihg.com,34,China,2024-07-23
lfreda3r,vstones3r@typepad.com,30,Thailand,2023-03-29
alevey3s,vabercromby3s@unc.edu,66,Indonesia,2018-01-10
giacovozzo3t,dwogan3t@lycos.com,46,Russia,2014-04-26
eabrahamsen3u,dgwilt3u@t.co,32,Palestinian Territory,2015-07-01
rmaggi3v,chartzog3v@360.cn,15,Portugal,2019-12-16
jcail3w,jlamburne3w@google.co.jp,21,France,2025-04-06
wdaouze3x,adracey3x@eventbrite.com,38,Lithuania,2021-01-15
sughi3y,iwhitebread3y@miibeian.gov.cn,53,Serbia,2016-06-06
lantony3z,oelmes3z@dailymotion.com,40,China,2025-01-11
vsimmance40,nkitchin40@topsy.com,65,Indonesia,2021-08-29
mrendall41,epieche41@mozilla.com,43,Brazil,2020-03-21
kryan42,ssumpner42@hao123.com,52,Indonesia,2022-11-03
sdumphy43,thedden43@thetimes.co.uk,50,Poland,2023-11-13
tkusick44,sdickings44@technorati.com,63,China,2016-08-21
mcerith45,rfilson45@phpbb.com,24,South Africa,2015-03-06
ydurrett46,sburnham46@sphinn.com,48,Panama,2022-10-21
mkilius47,snaulls47@zimbio.com,65,Indonesia,2017-07-12
asneesbie48,ababer48@oakley.com,56,Kazakhstan,2025-07-21
mcollick49,adobbs49@mayoclinic.com,34,China,2025-12-30
jbartel4a,eedens4a@indiatimes.com,54,China,2021-03-23
fdales4b,sdew4b@prnewswire.com,68,Greece,2024-08-24
wburgen4c,wshalcros4c@latimes.com,28,Spain,2026-03-14
iwark4d,bvairow4d@indiegogo.com,30,Cuba,2016-06-04
sivery4e,vpashley4e@blinklist.com,69,China,2016-05-17
krobic4f,scotterell4f@opensource.org,16,Indonesia,2022-04-04
holenichev4g,gguislin4g@youtu.be,66,Afghanistan,2014-03-03
nhing4h,jpigeram4h@bloomberg.com,56,Indonesia,2023-10-30
jconfait4i,ksamber4i@loc.gov,62,Pakistan,2025-06-03
scasone4j,tburney4j@wsj.com,35,Italy,2024-11-04
ekennagh4k,cbolstridge4k@360.cn,58,Pakistan,2015-02-02
mdemschke4l,cmariolle4l@homestead.com,51,Thailand,2024-01-16
ldoud4m,ugrammer4m@japanpost.jp,35,Costa Rica,2021-03-21
brafe4n,jsaggers4n@histats.com,32,Russia,2014-02-07
dmunehay4o,ghamlin4o@nytimes.com,58,China,2022-02-13
naveray4p,aallberry4p@wp.com,55,Brazil,2024-08-10
mbende4q,tkofax4q@elpais.com,47,Indonesia,2014-11-22
fidill4r,bwinchcombe4r@hubpages.com,47,Russia,2014-06-16
bturbayne4s,dthieme4s@ycombinator.com,26,Czech Republic,2017-04-29
apuddle4t,ngrabban4t@mlb.com,27,Switzerland,2025-12-16
pbriton4u,kdeer4u@bluehost.com,36,Comoros,2018-04-25
kshaw4v,fhackelton4v@scribd.com,17,China,2020-06-20
selfitt4w,cstritton4w@about.com,59,Bulgaria,2026-02-28
mleverentz4x,ddavison4x@tumblr.com,63,Indonesia,2019-08-20
hfyers4y,okauffman4y@mozilla.com,57,China,2024-11-08
gclendinning4z,akuhwald4z@soundcloud.com,61,Mongolia,2015-10-05
aneeds50,jludgrove50@gravatar.com,27,Indonesia,2017-09-20
sfarnes51,bmacsweeney51@utexas.edu,47,Indonesia,2021-11-14
ltiddeman52,dworsfold52@skype.com,42,Poland,2021-11-14
jbysaker53,pdiano53@reddit.com,60,Philippines,2015-04-29
pblodgett54,gmcturley54@sun.com,24,Indonesia,2025-08-28
hovens55,rsellors55@rediff.com,24,North Korea,2018-09-26
krickcord56,tjenkinson56@reverbnation.com,49,Philippines,2015-12-22
ccrimpe57,mburdon57@phoca.cz,23,Argentina,2023-11-29
aformilli58,smclarty58@google.co.uk,47,Kazakhstan,2017-12-13
rmeasor59,ssword59@amazonaws.com,24,Russia,2026-03-20
elinnemann5a,lbumphries5a@opensource.org,50,Greece,2014-01-03
jbenjafield5b,kmccurtain5b@github.io,23,Thailand,2025-07-14
mkonneke5c,bmacartney5c@ucsd.edu,59,Brazil,2016-12-18
ajudd5d,ikenninghan5d@sciencedirect.com,43,Angola,2019-08-10
pbrandrick5e,pcarling5e@scribd.com,31,United States,2015-05-07
kschmuhl5f,cstihl5f@berkeley.edu,24,China,2021-11-08
cleadbitter5g,aalbrook5g@odnoklassniki.ru,68,Sierra Leone,2021-12-05
nfray5h,ogladtbach5h@geocities.com,30,Russia,2018-07-04
jvalentino5i,narthur5i@mozilla.com,16,Canada,2014-04-05
wcopsey5j,mguttridge5j@yolasite.com,19,Russia,2026-05-24
dsabatier5k,vmatysiak5k@tamu.edu,45,Norway,2021-05-02
mbarden5l,jtunny5l@tripod.com,49,Sweden,2025-06-25
ctaberer5m,fabrashkin5m@nps.gov,55,Pakistan,2018-12-26
fchilderley5n,bmomford5n@pbs.org,52,China,2018-06-29
adadd5o,aboyer5o@dell.com,25,Argentina,2018-05-21
mmcaless5p,jlazenby5p@apache.org,31,China,2026-05-02
rwestfrimley5q,thugonneau5q@nyu.edu,42,Philippines,2023-11-10
gmurdoch5r,jfolkerts5r@adobe.com,41,Russia,2018-09-19
tfaichnie5s,kyablsley5s@yandex.ru,68,Peru,2023-04-18
dgeck5t,lvideler5t@mit.edu,18,China,2017-10-09
hgosby5u,bgrice5u@slideshare.net,53,Palestinian Territory,2015-03-17
pciabatteri5v,lnewby5v@mlb.com,26,Tanzania,2026-04-06
tbentame5w,sackenson5w@springer.com,41,Botswana,2016-10-12
hdurant5x,gnottle5x@shutterfly.com,32,Indonesia,2023-03-14
tcastagnier5y,pmapson5y@goodreads.com,67,Russia,2019-09-16
tdunklee5z,gglamart5z@hostgator.com,57,Indonesia,2014-08-02
zkermitt60,acallf60@comcast.net,51,China,2024-06-01
hbeaushaw61,ushepton61@baidu.com,51,Russia,2017-04-29
kbird62,hrisson62@zdnet.com,33,Indonesia,2024-09-13
dnary63,kearlam63@privacy.gov.au,25,China,2016-08-31
kklimt64,fhowden64@example.com,63,Ethiopia,2016-08-18
csam65,kemmer65@joomla.org,68,Portugal,2020-05-16
jendecott66,lgouck66@ihg.com,17,Philippines,2014-03-02
vfoote67,bnavarijo67@xinhuanet.com,22,Indonesia,2021-09-28
ckarpman68,nflowerden68@naver.com,27,China,2020-07-03
cfarnill69,lchelsom69@nationalgeographic.com,61,Indonesia,2023-06-27
nchopin6a,wsein6a@mayoclinic.com,65,Serbia,2018-05-10
jcosh6b,ahanwright6b@alexa.com,48,China,2022-02-18
ffessier6c,jandresen6c@bing.com,30,Poland,2025-12-19
hchamp6d,tgeertz6d@youtube.com,15,China,2024-05-06
hbambury6e,ogiggs6e@bing.com,16,Guatemala,2023-10-08
kharmston6f,gdanford6f@newsvine.com,34,Sweden,2023-10-15
lgiffen6g,loverington6g@de.vu,55,Brazil,2015-03-14
ssmiz6h,tsonschein6h@behance.net,61,Indonesia,2024-11-24
dhearon6i,xdumbell6i@storify.com,60,Colombia,2021-04-05
rslocombe6j,bvanleeuwen6j@msn.com,67,Costa Rica,2021-11-16
kfollos6k,wspowage6k@live.com,27,China,2023-05-14
emarriott6l,ccormode6l@ihg.com,28,Thailand,2022-12-11
liban6m,cstormonth6m@mysql.com,24,Mauritius,2019-10-11
dnorcliffe6n,ndocker6n@buzzfeed.com,58,United States,2023-10-29
mmcilhone6o,nthackray6o@furl.net,68,Ukraine,2018-07-19
cblaxlande6p,gmacfadden6p@paypal.com,53,Nigeria,2021-10-06
ttargett6q,nroiz6q@t-online.de,32,China,2020-04-24
jhammerton6r,cmaccague6r@dot.gov,16,Colombia,2025-01-05
cgoaks6s,ocrowcher6s@cnbc.com,53,Poland,2014-02-23
bcleveley6t,kwackly6t@un.org,51,Colombia,2023-10-07
mclementel6u,ewatting6u@nhs.uk,67,Netherlands,2019-03-28
rjeggo6v,dmacneill6v@phoca.cz,64,Malaysia,2016-05-30
fjoerning6w,mgawkes6w@nymag.com,17,Philippines,2015-04-26
bstrutton6x,cjumonet6x@elpais.com,32,Latvia,2018-03-25
lcorps6y,kgadsdon6y@hexun.com,17,Sweden,2020-06-17
eanslow6z,kphillcox6z@nydailynews.com,35,China,2015-11-15
bghidelli70,jmactague70@nba.com,41,Philippines,2018-12-22
tdowker71,ashrimpling71@amazon.com,28,Indonesia,2019-02-07
jbacup72,hdunnett72@pinterest.com,66,Sudan,2014-09-05
jswannick73,memson73@upenn.edu,31,Albania,2021-01-09
lhadaway74,jlerego74@oaic.gov.au,29,Indonesia,2015-11-27
lsowerby75,lwyman75@arstechnica.com,55,Denmark,2020-10-17
fsollitt76,boxburgh76@multiply.com,54,Brazil,2019-01-07
vsmart77,dpearsall77@ft.com,38,Egypt,2017-10-10
gvarnam78,jfalshaw78@techcrunch.com,36,Greece,2017-04-24
dbendan79,dbowmer79@imageshack.us,67,Brazil,2023-07-05
jsherrell7a,tmathy7a@wikispaces.com,45,Portugal,2022-12-12
vmccomas7b,azupone7b@netvibes.com,17,Laos,2014-02-14
jlitzmann7c,sjentges7c@hatena.ne.jp,67,Argentina,2021-11-11
egeorghiou7d,oharner7d@businessinsider.com,15,Colombia,2024-08-13
akilius7e,ebrushneen7e@prweb.com,42,Brazil,2014-05-08
ydunbleton7f,hwillets7f@list-manage.com,25,Russia,2014-03-11
mvarfolomeev7g,sdulanty7g@dion.ne.jp,69,Ukraine,2017-11-11
hcarleman7h,klongbone7h@virginia.edu,20,Zimbabwe,2019-12-11
jpearsey7i,cpirdy7i@smugmug.com,20,Zimbabwe,2021-02-08
cselwood7j,apatient7j@slate.com,47,United States,2021-12-14
scheek7k,sstranio7k@yellowbook.com,22,Peru,2020-11-17
ggresch7l,bgrieveson7l@tripadvisor.com,54,Greece,2026-04-27
kcalliss7m,ahilary7m@hexun.com,21,Russia,2026-01-08
beseler7n,lingleton7n@webeden.co.uk,56,Sweden,2025-07-26
dcross7o,eyate7o@infoseek.co.jp,47,France,2023-05-01
ewestall7p,smconie7p@w3.org,23,Poland,2020-10-08
lhatliffe7q,ccamerello7q@addthis.com,18,Philippines,2018-10-25
ybeasant7r,ayeates7r@discovery.com,69,Argentina,2017-02-07
svaliant7s,jgalvan7s@oracle.com,39,Benin,2015-10-03
aderdes7t,kwykey7t@1und1.de,68,China,2024-03-03
cblabber7u,fcoiley7u@psu.edu,66,Cameroon,2021-01-27
tbragginton7v,mmedwell7v@ehow.com,33,Colombia,2023-12-20
mbafford7w,lbeagrie7w@wufoo.com,51,Argentina,2025-12-20
dtrill7x,mhinge7x@nps.gov,38,Japan,2019-09-14
tnoar7y,hskingle7y@godaddy.com,38,Cuba,2018-10-30
pblazhevich7z,kmardoll7z@archive.org,43,Indonesia,2014-10-05
kwiburn80,jaldwick80@github.com,47,Colombia,2024-11-29
kbuck81,rtemblett81@ehow.com,38,China,2025-09-26
acowely82,mplewright82@hao123.com,22,Russia,2020-10-08
mteresia83,jaspinall83@sohu.com,34,China,2022-07-21
cbrookes84,scisson84@narod.ru,32,Ukraine,2021-02-23
slimer85,htigner85@imageshack.us,41,Dominican Republic,2020-06-29
nreichardt86,kcomben86@columbia.edu,38,Uganda,2019-06-03
kprimak87,rgiraudou87@apache.org,29,Palestinian Territory,2022-11-14
gsives88,evowden88@ox.ac.uk,47,Peru,2025-01-10
feglaise89,lgraalman89@ox.ac.uk,19,United States,2015-12-22
eorrum8a,mmithon8a@1und1.de,40,Indonesia,2026-01-05
aleppard8b,akerin8b@tripod.com,51,Mexico,2023-11-09
gcottu8c,bsouthern8c@squidoo.com,51,Russia,2014-08-20
smirando8d,emordon8d@taobao.com,30,China,2016-03-04
sbartelet8e,vreinbeck8e@w3.org,21,China,2017-09-22
alobley8f,sgooderham8f@hatena.ne.jp,36,Nigeria,2017-11-05
lchyuerton8g,cdevanny8g@cdc.gov,67,Panama,2015-03-09
dleynagh8h,cobrogan8h@sakura.ne.jp,42,Indonesia,2021-04-21
blaflin8i,msterman8i@webeden.co.uk,58,Nigeria,2017-07-26
hors8j,cryves8j@g.co,61,Indonesia,2016-06-20
kschultes8k,bjesson8k@senate.gov,20,Argentina,2021-03-15
blicciardo8l,rnegri8l@virginia.edu,44,China,2015-09-28
wtumelty8m,rrobuchon8m@reference.com,20,China,2022-04-04
xbortoloni8n,jsacker8n@barnesandnoble.com,44,China,2023-05-12
ddodworth8o,bbaggot8o@canalblog.com,64,United States,2017-07-09
jpavese8p,edavidovits8p@webs.com,20,Russia,2023-09-22
omorales8q,bmckmurrie8q@wikia.com,18,Indonesia,2023-06-28
spendell8r,ddanelut8r@oracle.com,39,Syria,2022-12-22
elemm8s,ceastbrook8s@furl.net,55,Honduras,2015-02-01
ggallon8t,astendall8t@oakley.com,46,Cameroon,2025-10-26
gfake8u,rgarley8u@imgur.com,67,China,2017-01-31
icessford8v,rgateman8v@adobe.com,56,China,2019-05-03
apaton8w,fbraden8w@twitter.com,18,Ukraine,2017-07-17
ogrogono8x,smulrooney8x@hexun.com,54,Colombia,2021-06-18
ltomich8y,bchace8y@usgs.gov,41,Russia,2017-01-04
isutheran8z,cdinsell8z@list-manage.com,17,Belarus,2022-10-11
ecantera90,kszapiro90@so-net.ne.jp,21,China,2020-10-11
tleech91,sabbyss91@geocities.jp,28,Czech Republic,2014-06-22
fdeschlein92,dcamilletti92@plala.or.jp,29,Brazil,2017-07-06
aspellward93,myounge93@google.fr,38,Germany,2020-12-05
asidery94,edoneld94@google.ru,67,China,2018-01-09
nmackie95,eygoe95@live.com,27,Israel,2019-10-21
ibreach96,gyelden96@behance.net,32,France,2015-10-12
rmclevie97,rblemen97@adobe.com,59,Sudan,2020-08-27
cclawley98,rchalliss98@nifty.com,31,China,2021-09-15
vcraister99,abrou99@tumblr.com,45,Bosnia and Herzegovina,2021-08-18
ehouselee9a,wgerlts9a@php.net,43,Azerbaijan,2020-07-13
cmorit9b,jperford9b@livejournal.com,41,Germany,2023-01-27
adunphy9c,kmccusker9c@imgur.com,40,China,2022-07-25
shickeringill9d,mkindleysides9d@indiatimes.com,29,Indonesia,2020-05-08
amontgomery9e,lstivey9e@cbslocal.com,52,Indonesia,2019-09-16
hjuszkiewicz9f,hburnitt9f@histats.com,16,China,2017-07-25
hwittrington9g,stome9g@kickstarter.com,50,Portugal,2024-10-11
dgorthy9h,cbice9h@tripod.com,34,China,2023-09-01
pstockoe9i,cgodbold9i@spiegel.de,31,Bangladesh,2018-11-30
rgull9j,lhansie9j@google.com.hk,31,Indonesia,2016-09-15
nseely9k,bcheston9k@nymag.com,18,China,2021-02-06
tmoncreiff9l,foutibridge9l@ebay.co.uk,69,United Kingdom,2021-12-03
kbaseggio9m,sdearnaley9m@telegraph.co.uk,32,Pakistan,2020-11-27
kiacovolo9n,gdumbrell9n@alibaba.com,49,Sweden,2016-01-28
dtompkins9o,izanussii9o@globo.com,22,Poland,2014-03-16
ngiacomoni9p,rhardwidge9p@hud.gov,26,Georgia,2014-09-09
elee9q,pclarkson9q@timesonline.co.uk,68,Philippines,2020-10-06
rtebbut9r,taxelbee9r@slideshare.net,41,Ireland,2020-12-12
cgroundwater9s,obourley9s@macromedia.com,62,China,2023-05-09
obediss9t,gvokes9t@discuz.net,54,Ukraine,2022-06-11
dpedrozzi9u,sloren9u@latimes.com,28,Sweden,2015-06-15
jthorold9v,joades9v@blogs.com,40,China,2016-03-10
mvischi9w,cheisman9w@bizjournals.com,68,Chile,2020-12-30
ayardley9x,cnapper9x@china.com.cn,44,Malawi,2022-10-21
cmossom9y,lbard9y@businessweek.com,43,Indonesia,2022-07-08
mgamlen9z,thoulson9z@huffingtonpost.com,35,China,2014-09-14
gfurssea0,trheaumea0@forbes.com,24,Thailand,2019-01-12
gringea1,kebbottsa1@deviantart.com,40,China,2018-09-08
mdubarrya2,bcrehana2@arizona.edu,16,Greece,2014-08-25
lsaundercocka3,zlaffoleylanea3@reverbnation.com,58,France,2014-03-05
emusslewhitea4,rmosedalea4@typepad.com,30,Indonesia,2025-11-27
hspeaka5,mscanesa5@dot.gov,27,Sweden,2021-02-06
cjikyllsa6,rromea6@google.de,24,Curacao,2017-05-13
dshugga7,jtreamaynea7@jugem.jp,67,China,2015-12-17
switherowa8,tbibbiea8@princeton.edu,20,Azerbaijan,2016-10-09
cgarstanga9,mepplea9@spiegel.de,59,United Arab Emirates,2026-03-03
vcaudreyaa,abetoniaaa@telegraph.co.uk,15,Venezuela,2014-03-10
rdoneab,chendrickab@nature.com,39,Morocco,2024-08-28
imeadeac,ebanaszewskiac@admin.ch,39,Tunisia,2024-12-14
tcherrettad,cdrillotad@prnewswire.com,55,Argentina,2015-02-23
ncoddingtonae,cweippertae@fotki.com,20,China,2020-08-21
vguinaneaf,lmarcqaf@blogs.com,68,Dominican Republic,2016-04-25
cweatherdonag,speidroag@whitehouse.gov,17,Canada,2021-01-22
klistoneah,lcoronaah@ycombinator.com,57,Venezuela,2024-01-29
dpaulackai,bmchanai@soup.io,26,Azerbaijan,2025-01-27
bmccoshaj,lsantiaj@japanpost.jp,60,Indonesia,2014-07-25
lmctrustyak,wdenisak@example.com,60,Philippines,2022-01-06
hhemerijkal,ggrinioval@deliciousdays.com,39,Iran,2017-12-12
isapwellam,jdubarryam@histats.com,50,Israel,2023-08-26
wbloxholman,acranglean@unicef.org,21,Yemen,2025-10-28
cbredburyao,pheatherao@census.gov,22,Mexico,2021-04-26
stidboldap,sgilstinap@reverbnation.com,15,Russia,2018-07-16
ftopazaq,jbowmanaq@economist.com,26,China,2020-07-05
hdowlingar,psigwardar@hexun.com,26,Vietnam,2021-11-23
spinhornas,brommeas@pinterest.com,62,Indonesia,2024-02-09
dbutchartat,cthechamat@nationalgeographic.com,44,Palestinian Territory,2016-03-22
vchurchau,njanaszewskiau@latimes.com,29,Philippines,2021-06-20
aallanav,sesbergerav@google.nl,36,Russia,2020-05-04
schestermanaw,jdempsteraw@weather.com,58,China,2015-08-02
mmackettax,ratrillax@jalbum.net,44,United States,2021-06-12
sgodspedeay,fputnamay@mit.edu,36,Spain,2020-01-25
jrestillaz,dbutleraz@craigslist.org,58,Mozambique,2022-06-13
ptunnochb0,msaphb0@plala.or.jp,45,Russia,2019-04-15
isailb1,msleiteb1@npr.org,34,France,2019-08-09
lspottiswoodb2,cgibbinb2@parallels.com,22,Brazil,2014-09-16
zlindholmb3,wegaltonb3@pagesperso-orange.fr,37,Belarus,2019-10-12
adekeyserb4,jwynessb4@360.cn,36,Portugal,2017-10-27
eseillerb5,vmillottb5@dailymail.co.uk,37,Poland,2025-10-26
acarwithenb6,kfetterb6@shareasale.com,15,Japan,2022-04-27
dlamarb7,colkowiczb7@friendfeed.com,51,Germany,2018-09-30
pwindrumb8,bbordoneb8@discuz.net,50,Venezuela,2016-04-22
wwetheraldb9,gbergenb9@unicef.org,39,China,2018-06-21
lattenboroughba,rickovba@yellowbook.com,44,Poland,2024-05-02
sgebbybb,jmacgauhybb@barnesandnoble.com,39,Poland,2015-09-23
tengleybc,mellandbc@nasa.gov,68,Finland,2018-08-10
apilleybd,ttrubshawebd@archive.org,57,Peru,2022-03-15
rfrankombe,bpackebe@last.fm,31,Colombia,2020-03-01
lcompstonbf,sclaytonbf@house.gov,68,Indonesia,2019-09-04
bduigenanbg,opeckbg@twitpic.com,36,New Zealand,2014-03-12
kspincksbh,jcallinghambh@devhub.com,61,United States,2014-03-25
nmathanbi,nyulebi@sohu.com,59,China,2019-01-21
bmabenbj,ftoulminbj@artisteer.com,22,Ghana,2015-02-22
tgoodwinsbk,llorentzenbk@bandcamp.com,63,Uzbekistan,2020-02-27
fbezzantbl,pduntonbl@cocolog-nifty.com,40,Mexico,2015-01-20
mlomondbm,krottebm@nyu.edu,69,Russia,2022-05-11
scordebn,dclarycottbn@sogou.com,19,Russia,2024-08-16
mmcgrathbo,sbarkwaybo@answers.com,45,China,2018-09-24
gmackibbonbp,kcurlisbp@zimbio.com,36,China,2022-07-15
kdradeybq,cragbournebq@nifty.com,23,Poland,2016-09-10
mtristrambr,szelakebr@cdc.gov,65,China,2018-04-13
kpharebs,dprincebs@engadget.com,64,Tanzania,2015-09-04
hhulattbt,fadamobt@alexa.com,21,Sweden,2016-11-13
picombu,agerratybu@fda.gov,15,Pakistan,2021-01-12
wuphillbv,gpinksbv@pbs.org,19,Poland,2019-04-24
tortsmannbw,lfieldersbw@ucsd.edu,25,Tunisia,2020-01-05
dbouzekbx,dlakentonbx@shinystat.com,46,Cuba,2014-05-28
rhovendenby,nyeldhamby@flavors.me,20,Serbia,2017-02-03
klidstonebz,gsweetbz@loc.gov,49,Poland,2025-08-22
tmellemc0,cvonasekc0@wired.com,47,El Salvador,2016-01-21
dmacgilpatrickc1,emowburyc1@dmoz.org,53,Nigeria,2014-02-27
gmciloryc2,rpotteryc2@ox.ac.uk,48,China,2021-11-01
heiversc3,fsilwoodc3@furl.net,34,Mongolia,2018-11-21
modhamsc4,vburgoynec4@uiuc.edu,46,Haiti,2020-07-01
lstegelc5,lbyec5@google.com.au,21,France,2017-05-16
mswinburnc6,therrerosc6@google.fr,66,Indonesia,2015-08-20
smaslinc7,lsimonec7@list-manage.com,38,Sweden,2015-11-19
gwormellc8,ylemerlec8@newsvine.com,64,Russia,2014-08-02
olittlerc9,kcoweuppec9@about.me,15,China,2018-06-04
kdaoutca,cbrahmca@4shared.com,18,Czech Republic,2025-10-10
jkrollmancb,cvernercb@is.gd,19,Thailand,2019-07-16
gsalwaycc,lgladdifhcc@oakley.com,55,China,2022-11-04
rhowsleycd,rrorkecd@cbc.ca,38,China,2022-11-24
mculhamce,fmcalpinece@sakura.ne.jp,22,Vietnam,2014-03-17
skunacf,clukockcf@amazon.com,41,Indonesia,2019-07-29
ameinekingcg,ecornhillcg@trellian.com,70,China,2015-11-15
tpeaceych,caxtonnech@state.gov,28,Poland,2021-06-14
garnholtzci,itoxellci@google.ru,37,Indonesia,2015-10-01
kgertraycj,ebruckshawcj@ftc.gov,70,United States,2022-08-19
ppinfoldck,bshelveyck@usa.gov,36,China,2018-12-13
wsumnallcl,akrzyzowskicl@msn.com,55,Burkina Faso,2024-05-27
bstreatercm,rcallinancm@symantec.com,34,China,2019-08-10
csteadecn,dblannincn@home.pl,62,South Africa,2015-07-29
icharkco,lludeeco@nytimes.com,50,Russia,2021-06-05
gotleycp,ckennefickcp@acquirethisname.com,22,Indonesia,2015-02-26
larlettcq,arawlingscq@pinterest.com,56,Finland,2026-02-21
ajicklescr,jkohlercr@earthlink.net,25,China,2014-09-15
cburhousecs,cletixiercs@skype.com,42,Tunisia,2014-12-15
cbettenayct,cmazzeyct@macromedia.com,15,China,2024-08-06
lhopkinscu,bwilkinsoncu@phpbb.com,32,Indonesia,2024-08-17
nstidworthycv,cmcguckincv@dagondesign.com,31,United States,2020-06-12
cstoadecw,dleiskcw@cnbc.com,43,Portugal,2025-07-10
jheavenscx,vpetrycx@berkeley.edu,35,Indonesia,2016-12-04
gdunnettcy,hdurranscy@dropbox.com,16,Indonesia,2021-09-08
qkettelcz,dgattycz@va.gov,24,Serbia,2020-06-06
mslowgroved0,bdamettid0@omniture.com,59,Brazil,2024-07-02
gmoneryd1,memonsd1@altervista.org,44,China,2017-06-26
rpithcockd2,vpollicoted2@ucla.edu,58,Bangladesh,2025-12-26
eshentond3,dgrummittd3@free.fr,54,Russia,2015-11-11
lbelchemd4,gmellord4@cocolog-nifty.com,53,China,2014-08-05
lyosifovd5,dmacneilld5@mediafire.com,17,Greece,2020-05-24
ttrillowd6,asaffrand6@amazon.de,17,Portugal,2016-06-14
alorkind7,uketchelld7@narod.ru,69,Russia,2014-07-06
cgerringd8,ndowngated8@seesaa.net,42,Indonesia,2020-08-13
rgarahand9,ckeggind9@nymag.com,67,France,2015-05-16
dastieda,cdisdelda@usnews.com,59,United States,2019-04-30
kparradinedb,fmastermandb@macromedia.com,56,China,2016-01-24
jbranwhitedc,lorchartdc@livejournal.com,59,Uganda,2015-06-15
afielddd,jklementzdd@google.fr,43,Poland,2024-01-13
ccainsde,wmeachende@oaic.gov.au,61,Egypt,2023-03-28
pnurdendf,cdomedf@usgs.gov,16,Indonesia,2015-06-27
asanchesdg,gparysiakdg@cyberchimps.com,63,Cameroon,2017-05-20
jdurnodh,bgabbatissdh@hugedomains.com,44,Ukraine,2018-03-29
sduthiedi,adecentdi@tiny.cc,27,Argentina,2021-04-07
rcoveleydj,pcookedj@tiny.cc,38,China,2021-10-25
djenningsdk,mdehmeldk@diigo.com,59,Panama,2016-08-02
cyushindl,ckilgourdl@reddit.com,40,South Africa,2017-10-24
collierdm,rkorfmanndm@cisco.com,55,Indonesia,2025-11-29
ldriolidn,fbelwarddn@pagesperso-orange.fr,22,Greece,2014-09-19
csnasdelldo,jsmorthitdo@cbc.ca,59,Philippines,2022-04-09
jbullardp,stumilsondp@hexun.com,63,Portugal,2018-07-14
ygimberdq,dloreydq@posterous.com,67,Argentina,2020-05-08
kmckeadydr,ebuckleedr@arizona.edu,68,Indonesia,2014-11-17
msoperds,sgrintds@weebly.com,40,Philippines,2015-12-16
hshewendt,gorteauxdt@youtube.com,24,Vietnam,2020-09-29
eczadladu,enerneydu@hp.com,35,Iran,2025-01-29
gmandelldv,rmargiottadv@walmart.com,57,Indonesia,2019-12-23
